id,first_name,last_name,username,password,email,avatar,gender,dob,address
1817,Moshe,Prosacco,moshe.prosacco,DqkGaWVhoI,moshe.prosacco@email.com,https://robohash.org/nemoconsequaturest.png?size=300x300&set=set1,Bigender,1991-08-14,5776 Robel Parks North Rolf Mississippi United States 68729
1966,Jenell,Sporer,jenell.sporer,nUmDO7ly5e,jenell.sporer@email.com,https://robohash.org/magniutdistinctio.png?size=300x300&set=set1,Non-binary,1975-07-28,483 Jefferey Expressway Jaimiebury Louisiana United States 62240-5033
2170,Teddy,Hodkiewicz,teddy.hodkiewicz,rl82c9sh1M,teddy.hodkiewicz@email.com,https://robohash.org/debitissitdicta.png?size=300x300&set=set1,Agender,1979-07-13,57180 Littel Crescent Port Fredericland Nebraska United States 49840
2512,Tarah,O'Keefe,tarah.o'keefe,RCW60UwVXD,tarah.o'keefe@email.com,https://robohash.org/estipsumarchitecto.png?size=300x300&set=set1,Polygender,1970-01-04,487 Chara Plaza Gerlachfort Vermont United States 81163-3200
2905,Maia,Marvin,maia.marvin,pynvtxLski,maia.marvin@email.com,https://robohash.org/quiquodqui.png?size=300x300&set=set1,Genderqueer,1982-12-03,638 Kemmer Harbors New Rico South Carolina United States 45687-9230
3237,Luis,Kuvalis,luis.kuvalis,vATnHuisfI,luis.kuvalis@email.com,https://robohash.org/fugiatrepellatiusto.png?size=300x300&set=set1,Genderfluid,1991-06-21,76733 Fernando Forest Hartmannfort New Hampshire United States 19400-9045
4177,Garnett,Rowe,garnett.rowe,jUuWnvRJOK,garnett.rowe@email.com,https://robohash.org/sapientehicaliquid.png?size=300x300&set=set1,Genderfluid,2003-07-02,67364 Stark Centers O'Connellmouth New Jersey United States 05677
4335,Elden,Medhurst,elden.medhurst,5eTS0wb1jD,elden.medhurst@email.com,https://robohash.org/officiasuntullam.png?size=300x300&set=set1,Bigender,1977-11-08,92722 Beier Circle Rayleneside Alabama United States 06893-5414
481,Joella,Larkin,joella.larkin,Buwh09PEpC,joella.larkin@email.com,https://robohash.org/doloresautdolore.png?size=300x300&set=set1,Genderfluid,1978-10-27,20153 Olson Hollow West Dominick Oklahoma United States 30723-2387
5787,Joslyn,Pfannerstill,joslyn.pfannerstill,znPAaQWt71,joslyn.pfannerstill@email.com,https://robohash.org/veliteavoluptatum.png?size=300x300&set=set1,Polygender,1983-04-16,49775 Keenan Centers Derickstad Maine United States 49082-0677
6164,Aron,Bauch,aron.bauch,ikaBfXPcLx,aron.bauch@email.com,https://robohash.org/aperiameosfugit.png?size=300x300&set=set1,Female,1998-11-11,1732 Anissa Creek Framifurt Pennsylvania United States 79544-2453
6390,Davis,Corwin,davis.corwin,lfeO3o24Jw,davis.corwin@email.com,https://robohash.org/nobislaboriosamquia.png?size=300x300&set=set1,Genderqueer,1985-09-01,381 Steffanie Landing Robtstad Kansas United States 30849
6414,Lionel,Prohaska,lionel.prohaska,EcJQeR7UrA,lionel.prohaska@email.com,https://robohash.org/aliquidaccusantiumrerum.png?size=300x300&set=set1,Female,2000-09-06,26145 Medhurst Rest Terranceshire Vermont United States 47517-1700
7431,Adrian,Hartmann,adrian.hartmann,hlAkqxSu1o,adrian.hartmann@email.com,https://robohash.org/debitisvelitrepellendus.png?size=300x300&set=set1,Agender,2002-04-22,10438 Bulah Row Lemkeville Montana United States 52464
8757,Milly,Fadel,milly.fadel,OEkDZ130Az,milly.fadel@email.com,https://robohash.org/modietmollitia.png?size=300x300&set=set1,Bigender,1962-11-16,4296 Marchelle Cliff Medhurstfort Massachusetts United States 31655-4423
8769,Tobias,Nienow,tobias.nienow,fEtUg6HLV0,tobias.nienow@email.com,https://robohash.org/rerumreprehenderitrecusandae.png?size=300x300&set=set1,Female,1961-10-07,783 Shona Common Rogahnfort Utah United States 21869
8936,Olive,Flatley,olive.flatley,0WF6O3IqlL,olive.flatley@email.com,https://robohash.org/recusandaeetsaepe.png?size=300x300&set=set1,Non-binary,1988-02-17,30675 Schoen Track Ameefurt Wisconsin United States 75640
